{
  "cli": {
    "version": ">= 11.0.3"
  },
  "build": {
    "development": {
      "developmentClient": true,
      "distribution": "internal"
    },
    "preview": {
      "distribution": "internal"
    },
    "preview-android": {
      "android": {
        "buildType": "apk",
        "resourceClass": "medium"
      },
      "env": {
        "EXPO_PUBLIC_FIREBASE_API_KEY": "AIzaSyBgrFFCof6hNuzhWL220TmcuA81DnGLVJg",
        "EXPO_PUBLIC_SECURE_STORAGE_KEY": "a99fc46b-ef7c-420e-a9e7-eca422639f9d",
        "EXPO_PUBLIC_BACKEND_URL": "https://dimber-api-b3906e7d175b.herokuapp.com",
        "EXPO_PUBLIC_FIREBASE_AUTH_DOMAIN": "dimberapp.firebaseapp.com",
        "EXPO_PUBLIC_FIREBASE_DATABASE_URL": "https://dimberapp-default-rtdb.firebaseio.com",
        "EXPO_PUBLIC_FIREBASE_PROJECT_ID": "dimberapp",
        "EXPO_PUBLIC_FIREBASE_STORAGE_BUCKET": "dimberapp.appspot.com",
        "EXPO_PUBLIC_FIREBASE_MESSAGING_SENDER_ID": "890182422231",
        "EXPO_PUBLIC_FIREBASE_APP_ID": "1:890182422231:web:13881201bb040ab8066a92",
        "EXPO_PUBLIC_FIREBASE_MEASUREMENT_ID": "G-VHC94JT3SN",
        "EXPO_PUBLIC_GOOGLE_CLIENT_ID": "890182422231-p4r4ad206h345nid8dlo7ubjf5jv764b.apps.googleusercontent.com",
        "EXPO_PUBLIC_STRIPE_KEY": "pk_test_51QWh7mJBvJRmPhqdgmeqgS7MTzuFYzfKvy2mR2UBFCIcK9pB9EXf0fXMFvkAyNWP9Hpw64ItgrDAwvV0uJvRnjz9005rCYe2SH"
      }
    },
    "production": {
        "env": {
            "FIREBASE_API_KEY": "$(FIREBASE_API_KEY)",
            "SECURE_STORAGE_KEY": "$(SECURE_STORAGE_KEY)",
            "BACKEND_URL": "$(BACKEND_URL)",
            "EXPO_PUBLIC_FIREBASE_AUTH_DOMAIN": "dimberapp.firebaseapp.com",
            "EXPO_PUBLIC_FIREBASE_DATABASE_URL": "https://dimberapp-default-rtdb.firebaseio.com",
            "EXPO_PUBLIC_FIREBASE_PROJECT_ID": "dimberapp",
            "EXPO_PUBLIC_FIREBASE_STORAGE_BUCKET": "dimberapp.appspot.com",
            "EXPO_PUBLIC_FIREBASE_MESSAGING_SENDER_ID": "890182422231",
            "EXPO_PUBLIC_FIREBASE_APP_ID": "1:890182422231:web:13881201bb040ab8066a92",
            "EXPO_PUBLIC_FIREBASE_MEASUREMENT_ID": "G-VHC94JT3SN"
        }
    }
  },
  "submit": {
    "production": {}
  }
}
